record_key,programa,anio,mes_num,mes,zona,territorio,tipo_operacion,mujeres_activas,mujeres_actividades,mujeres_comercializacion,mujeres_comercializacion_no_inscritas,mujeres_inscritas_total,mujeres_nuevas_inscritas,materiales_lideresas_qq,materiales_municipalidad_qq,total_materiales_qq,ingreso_bruto_lideresas,gasto_transporte,pago_coop_lideresas,ingreso_neto_lideresas,ingreso_bruto_municipalidad,pago_coop_municipalidad,ingreso_neto_municipalidad,ingreso_bruto_total,ingreso_neto_total_territorio,ingreso_neto_cooperativa,horas_trabajadas_lideresas,ingreso_diario_lideresa,pet_qq,vidrio_cerveza_gronn_unid,vidrio_vino_gronn_unid,vidrio_cerveza_surusic_unid,vidrio_vino_surusic_unid,vidrio_peso_qq,vidrio_total_qq,ingreso_pet,ingreso_vidrio_peso,ingreso_vidrio_gronn,ingreso_vidrio_surusic
ATITLAN_RECICLA|2026|01|Panajachel,atitlan_recicla,2026,1,ENE,Kaqchikel,Panajachel,mujeres,11.0,11.0,4.0,0.0,7.0,0.0,950.04,0.0,950.04,19993.56,1750.0,4.8,19988.760000000002,0.0,0.0,0.0,19993.56,19988.760000000002,4.8,475.0,999.4380000000001,68.57,0.0,0.0,0.0,0.0,520.03,,2251.8,11929.36,0.0,
ATITLAN_RECICLA|2026|01|San Antonio Palopó,atitlan_recicla,2026,1,ENE,Kaqchikel,San Antonio Palopó,mujeres,4.0,4.0,0.0,0.0,4.0,0.0,0.0,0.0,0.0,0.0,0.0,0.0,0.0,0.0,0.0,0.0,0.0,0.0,0.0,0.0,,0.0,0.0,0.0,0.0,0.0,0.0,,0.0,0.0,0.0,0.0
ATITLAN_RECICLA|2026|01|San Juan La Laguna,atitlan_recicla,2026,1,ENE,Kaqchikel,San Juan La Laguna,mujeres,3.0,3.0,2.0,0.0,5.0,0.0,78.46,0.0,78.46,1455.12,0.0,0.0,1455.12,0.0,0.0,0.0,1455.12,1455.12,0.0,101.3,145.512,0.56,0.0,0.0,0.0,0.0,48.98,,22.4,1018.07,0.0,0.0
ATITLAN_RECICLA|2026|01|Santa Catarina Palopó,atitlan_recicla,2026,1,ENE,Kaqchikel,Santa Catarina Palopó,mujeres,4.0,2.0,1.0,0.0,4.0,0.0,25.56,0.0,25.56,430.1,0.0,0.0,430.1,0.0,0.0,0.0,430.1,430.1,0.0,53.0,86.02000000000001,1.4,0.0,0.0,0.0,0.0,22.0,,47.0,352.0,0.0,0.0
ATITLAN_RECICLA|2026|01|Jaibalito,atitlan_recicla,2026,1,ENE,Las Lagunas,Jaibalito,mujeres,2.0,2.0,2.0,0.0,3.0,0.0,17.81,0.0,17.81,363.25,0.0,0.0,363.25,0.0,0.0,0.0,363.25,363.25,0.0,31.7,46.0,1.26,0.0,0.0,0.0,0.0,4.95,,43.65,92.1,0.0,0.0
ATITLAN_RECICLA|2026|01|San Marcos La Laguna,atitlan_recicla,2026,1,ENE,Las Lagunas,San Marcos La Laguna,mujeres_y_muni,0.0,0.0,0.0,0.0,0.0,0.0,0.0,40.11,40.11,0.0,0.0,0.0,0.0,897.55,224.0,673.55,897.55,673.55,224.0,0.0,,8.31,0.0,0.0,0.0,0.0,22.9,,175.4,363.9,0.0,0.0
ATITLAN_RECICLA|2026|01|Santa Cruz La Laguna,atitlan_recicla,2026,1,ENE,Las Lagunas,Santa Cruz La Laguna,mujeres,3.0,3.0,3.0,0.0,5.0,0.0,37.3,0.0,37.3,636.21,0.0,0.0,636.21,0.0,0.0,0.0,636.21,636.21,0.0,125.1,42.414,1.02,0.0,0.0,0.0,0.0,30.62,,33.6,536.96,0.0,0.0
ATITLAN_RECICLA|2026|01|Tzununá,atitlan_recicla,2026,1,ENE,Las Lagunas,Tzununá,mujeres,4.0,4.0,4.0,0.0,5.0,0.0,84.49,0.0,84.49,2271.04,0.0,367.8,1903.24,0.0,0.0,0.0,2271.04,1903.24,367.8,150.3,95.162,5.64,454.0,176.0,0.0,0.0,55.52,,222.5,1159.19,283.5,0.0
ATITLAN_RECICLA|2026|01|San Andrés Semetabaj,atitlan_recicla,2026,1,ENE,Tzolojya,San Andrés Semetabaj,mujeres,3.0,1.0,0.0,0.0,3.0,0.0,0.0,0.0,0.0,0.0,0.0,0.0,0.0,0.0,0.0,0.0,0.0,0.0,0.0,0.0,,0.0,0.0,0.0,0.0,0.0,0.0,,0.0,0.0,0.0,0.0
ATITLAN_RECICLA|2026|01|Santa Clara La Laguna,atitlan_recicla,2026,1,ENE,Tzolojya,Santa Clara La Laguna,mujeres,5.0,4.0,3.0,1.0,5.0,0.0,53.44,0.0,53.44,1188.28,0.0,0.0,1188.28,0.0,0.0,0.0,1188.28,1188.28,0.0,44.0,59.414,0.7,0.0,0.0,0.0,0.0,51.24,,23.5,1127.28,0.0,0.0
ATITLAN_RECICLA|2026|01|Santa Lucía Utatlán,atitlan_recicla,2026,1,ENE,Tzolojya,Santa Lucía Utatlán,mujeres_y_muni,0.0,0.0,0.0,0.0,0.0,0.0,0.0,26.25,26.25,0.0,0.0,0.0,0.0,598.85,59.1,539.75,598.85,539.75,59.1,0.0,,4.93,0.0,0.0,0.0,0.0,15.6,,146.55,312.0,0.0,0.0
ATITLAN_RECICLA|2026|01|Santa María Visitación,atitlan_recicla,2026,1,ENE,Tzolojya,Santa María Visitación,mujeres_y_muni,0.0,0.0,0.0,0.0,0.0,0.0,0.0,2.94,2.94,0.0,0.0,,0.0,64.68,5.88,58.800000000000004,64.68,58.800000000000004,5.88,0.0,,0.0,0.0,0.0,0.0,0.0,2.94,,0.0,58.8,0.0,0.0
ATITLAN_RECICLA|2026|01|Sololá,atitlan_recicla,2026,1,ENE,Tzolojya,Sololá,mujeres_y_muni,6.0,5.0,2.0,0.0,6.0,0.0,160.87,0.0,160.87,3082.3,0.0,14.4,3067.9,0.0,0.0,0.0,3082.3,3067.9,14.4,294.0,76.6975,4.96,0.0,0.0,0.0,0.0,70.1,,177.0,1430.0,0.0,0.0
ATITLAN_RECICLA|2026|01|San Lucas Tolimán,atitlan_recicla,2026,1,ENE,Zona Sur,San Lucas Tolimán,mujeres_y_muni,7.0,7.0,7.0,2.0,6.0,0.0,259.53,0.0,259.53,6903.5,425.0,146.4,6757.1,0.0,0.0,0.0,6903.5,6757.1,146.4,435.0,150.15777777777777,40.35,0.0,0.0,0.0,0.0,138.0,,1859.5,2379.0,0.0,0.0
ATITLAN_RECICLA|2026|01|Santiago Atitlán,atitlan_recicla,2026,1,ENE,Zona Sur,Santiago Atitlán,mujeres_y_muni,9.0,9.0,8.0,0.0,11.0,0.0,156.5,0.0,156.5,3774.25,480.0,72.0,3702.25,0.0,0.0,0.0,3774.25,3702.25,72.0,395.0,92.55625,3.5,0.0,0.0,0.0,0.0,140.0,,140.0,2490.0,0.0,0.0
ATITLAN_RECICLA|2026|02|Panajachel,atitlan_recicla,2026,2,FEB,Kaqchikel,Panajachel,mujeres,11.0,5.0,5.0,0.0,7.0,0.0,599.91,0.0,599.91,11456.75,1300.0,2.75,11454.0,0.0,0.0,0.0,11456.75,11454.0,2.75,328.0,458.16,26.56,0.0,0.0,0.0,0.0,303.28,,799.0,6732.6,0.0,0.0
ATITLAN_RECICLA|2026|02|San Antonio Palopó,atitlan_recicla,2026,2,FEB,Kaqchikel,San Antonio Palopó,mujeres,4.0,4.0,0.0,0.0,4.0,0.0,0.0,0.0,0.0,0.0,0.0,0.0,0.0,0.0,0.0,0.0,0.0,0.0,0.0,0.0,,0.0,0.0,0.0,0.0,0.0,0.0,,0.0,0.0,0.0,0.0
ATITLAN_RECICLA|2026|02|San Juan La Laguna,atitlan_recicla,2026,2,FEB,Kaqchikel,San Juan La Laguna,mujeres,3.0,3.0,3.0,0.0,5.0,0.0,79.79,0.0,79.79,1552.93,0.0,0.0,1552.93,0.0,0.0,0.0,1552.93,1552.93,0.0,90.0,103.52866666666667,2.4,0.0,0.0,0.0,0.0,66.26,,79.0,1287.3,0.0,0.0
ATITLAN_RECICLA|2026|02|Santa Catarina Palopó,atitlan_recicla,2026,2,FEB,Kaqchikel,Santa Catarina Palopó,mujeres,4.0,2.0,1.0,0.0,4.0,0.0,19.28,0.0,19.28,294.82,0.0,0.0,294.82,0.0,0.0,0.0,294.82,294.82,0.0,32.0,58.964,0.91,0.0,0.0,0.0,0.0,15.81,,29.9,227.82,0.0,0.0
ATITLAN_RECICLA|2026|02|Jaibalito,atitlan_recicla,2026,2,FEB,Las Lagunas,Jaibalito,mujeres,2.0,2.0,2.0,0.0,3.0,0.0,18.19,0.0,18.19,356.8,0.0,0.0,356.8,0.0,0.0,0.0,356.8,356.8,0.0,35.8,26.0,0.73,0.0,0.0,0.0,0.0,7.3,,27.4,137.8,0.0,0.0
ATITLAN_RECICLA|2026|02|San Marcos La Laguna,atitlan_recicla,2026,2,FEB,Las Lagunas,San Marcos La Laguna,mujeres_y_muni,0.0,0.0,0.0,0.0,0.0,0.0,0.0,97.66,97.66,0.0,0.0,0.0,0.0,1652.09,303.16,1348.9299999999998,1652.09,1348.9299999999998,303.16,0.0,,6.3,0.0,0.0,0.0,0.0,62.02,,150.9,934.84,0.0,0.0
ATITLAN_RECICLA|2026|02|Santa Cruz La Laguna,atitlan_recicla,2026,2,FEB,Las Lagunas,Santa Cruz La Laguna,mujeres,3.0,3.0,3.0,0.0,5.0,0.0,44.62,0.0,44.62,1028.86,0.0,0.0,1028.86,0.0,0.0,0.0,1028.86,1028.86,0.0,126.9,68.59066666666666,1.6,0.0,0.0,0.0,0.0,37.45,,50.35,698.26,0.0,0.0
ATITLAN_RECICLA|2026|02|Tzununá,atitlan_recicla,2026,2,FEB,Las Lagunas,Tzununá,mujeres,4.0,4.0,4.0,0.0,5.0,0.0,59.85,0.0,59.85,1054.91,0.0,0.0,1054.91,0.0,0.0,0.0,1054.91,1054.91,0.0,98.0,52.74550000000001,1.18,0.0,0.0,0.0,0.0,47.94,,39.45,921.7,0.0,0.0
ATITLAN_RECICLA|2026|02|San Andrés Semetabaj,atitlan_recicla,2026,2,FEB,Tzolojya,San Andrés Semetabaj,mujeres,3.0,1.0,1.0,0.0,3.0,0.0,36.79,0.0,36.79,688.77,0.0,0.0,688.77,0.0,0.0,0.0,688.77,688.77,0.0,90.0,137.754,0.52,0.0,0.0,0.0,0.0,22.41,,20.8,457.02,0.0,0.0
ATITLAN_RECICLA|2026|02|Santa Clara La Laguna,atitlan_recicla,2026,2,FEB,Tzolojya,Santa Clara La Laguna,mujeres,5.0,2.0,2.0,1.0,5.0,0.0,42.0,0.0,42.0,924.0,0.0,0.0,924.0,0.0,0.0,0.0,924.0,924.0,0.0,38.0,61.6,0.0,0.0,0.0,0.0,0.0,42.0,,0.0,924.0,0.0,0.0
ATITLAN_RECICLA|2026|02|Santa Lucía Utatlán,atitlan_recicla,2026,2,FEB,Tzolojya,Santa Lucía Utatlán,mujeres_y_muni,0.0,0.0,0.0,0.0,0.0,0.0,0.0,32.92,32.92,0.0,0.0,0.0,0.0,749.5,70.65,678.85,749.5,678.85,70.65,0.0,,5.09,0.0,0.0,0.0,0.0,20.8,,163.15,416.0,0.0,0.0
ATITLAN_RECICLA|2026|02|Santa María Visitación,atitlan_recicla,2026,2,FEB,Tzolojya,Santa María Visitación,mujeres_y_muni,0.0,0.0,0.0,0.0,0.0,0.0,0.0,15.9,15.9,0.0,0.0,0.0,0.0,528.0,64.5,463.5,528.0,463.5,64.5,0.0,,7.3,0.0,0.0,0.0,0.0,5.0,,255.5,100.0,0.0,0.0
ATITLAN_RECICLA|2026|02|Sololá,atitlan_recicla,2026,2,FEB,Tzolojya,Sololá,mujeres_y_muni,6.0,5.0,1.0,0.0,6.0,0.0,103.73,0.0,103.73,1928.84,0.0,17.1,1911.74,0.0,0.0,0.0,1928.84,1911.74,17.1,268.0,95.587,4.13,0.0,0.0,0.0,0.0,33.86,,135.0,667.64,0.0,0.0
ATITLAN_RECICLA|2026|02|San Lucas Tolimán,atitlan_recicla,2026,2,FEB,Zona Sur,San Lucas Tolimán,mujeres_y_muni,6.0,6.0,5.0,1.0,6.0,0.0,214.0,0.0,214.0,5555.0,485.0,88.75,5466.25,0.0,0.0,0.0,5555.0,5466.25,88.75,465.0,182.20833333333331,34.25,0.0,0.0,0.0,0.0,137.0,,1540.0,2285.0,0.0,0.0
ATITLAN_RECICLA|2026|02|Santiago Atitlán,atitlan_recicla,2026,2,FEB,Zona Sur,Santiago Atitlán,mujeres_y_muni,7.0,7.0,7.0,0.0,11.0,0.0,198.45,0.0,198.45,4350.75,395.0,60.0,4290.75,0.0,0.0,0.0,4350.75,4290.75,60.0,410.0,122.59285714285713,4.15,0.0,0.0,0.0,0.0,177.0,,163.0,3156.0,0.0,0.0
ATITLAN_RECICLA|2026|03|Panajachel,atitlan_recicla,2026,3,MAR,Kaqchikel,Panajachel,mujeres,11.0,5.0,5.0,0.0,7.0,0.0,633.01,0.0,633.01,11851.07,1400.0,0.35,11850.72,0.0,0.0,0.0,11851.07,11850.72,0.35,560.0,474.02879999999993,33.24,0.0,0.0,0.0,0.0,304.42,,1058.7,6851.12,0.0,0.0
ATITLAN_RECICLA|2026|03|San Antonio Palopó,atitlan_recicla,2026,3,MAR,Kaqchikel,San Antonio Palopó,mujeres,4.0,4.0,0.0,0.0,4.0,0.0,0.0,0.0,0.0,0.0,0.0,0.0,0.0,0.0,0.0,0.0,0.0,0.0,0.0,0.0,,0.0,0.0,0.0,0.0,0.0,0.0,,0.0,0.0,0.0,0.0
ATITLAN_RECICLA|2026|03|San Juan La Laguna,atitlan_recicla,2026,3,MAR,Kaqchikel,San Juan La Laguna,mujeres,3.0,3.0,3.0,0.0,5.0,0.0,45.28,0.0,45.28,733.98,0.0,0.0,733.98,0.0,0.0,0.0,733.98,733.98,0.0,60.3,48.932,1.14,0.0,0.0,0.0,0.0,23.77,,30.15,452.65,0.0,0.0
ATITLAN_RECICLA|2026|03|Santa Catarina Palopó,atitlan_recicla,2026,3,MAR,Kaqchikel,Santa Catarina Palopó,mujeres,4.0,2.0,1.0,0.0,4.0,0.0,31.28,0.0,31.28,536.36,0.0,0.0,536.36,0.0,0.0,0.0,536.36,536.36,0.0,49.0,107.272,0.9,0.0,0.0,,0.0,25.99,,30.2,448.06,0.0,0.0
ATITLAN_RECICLA|2026|03|Jaibalito,atitlan_recicla,2026,3,MAR,Las Lagunas,Jaibalito,mujeres,2.0,2.0,2.0,0.0,3.0,0.0,23.91,0.0,23.91,526.55,0.0,2.4,524.15,0.0,0.0,0.0,526.55,524.15,2.4,50.1,87.0,1.35,0.0,0.0,0.0,0.0,3.96,,50.35,79.2,0.0,0.0
ATITLAN_RECICLA|2026|03|San Marcos La Laguna,atitlan_recicla,2026,3,MAR,Las Lagunas,San Marcos La Laguna,mujeres_y_muni,0.0,0.0,0.0,0.0,0.0,0.0,0.0,165.75,165.75,0.0,0.0,0.0,0.0,3180.69,487.04,2693.65,3180.69,2693.65,487.04,0.0,,19.87,0.0,0.0,0.0,0.0,112.12,,419.1,1671.41,0.0,0.0
ATITLAN_RECICLA|2026|03|Santa Cruz La Laguna,atitlan_recicla,2026,3,MAR,Las Lagunas,Santa Cruz La Laguna,mujeres,3.0,3.0,3.0,0.0,5.0,0.0,50.2,0.0,50.2,955.11,0.0,0.0,955.11,0.0,0.0,0.0,955.11,955.11,0.0,132.1,63.674,1.46,0.0,0.0,0.0,0.0,37.24,,44.2,768.76,0.0,0.0
ATITLAN_RECICLA|2026|03|Tzununá,atitlan_recicla,2026,3,MAR,Las Lagunas,Tzununá,mujeres,4.0,4.0,4.0,0.0,5.0,0.0,25.83,0.0,25.83,473.1,0.0,0.0,473.1,0.0,0.0,0.0,473.1,473.1,0.0,42.3,23.655,0.08,0.0,0.0,0.0,0.0,25.75,,1.95,471.15,0.0,0.0
ATITLAN_RECICLA|2026|03|San Andrés Semetabaj,atitlan_recicla,2026,3,MAR,Tzolojya,San Andrés Semetabaj,mujeres,3.0,1.0,1.0,0.0,3.0,0.0,52.06,0.0,52.06,1039.6,0.0,6.0,1033.6,0.0,0.0,0.0,1039.6,1033.6,6.0,63.0,206.71999999999997,3.46,0.0,0.0,0.0,0.0,31.95,,131.3,598.5,0.0,0.0
ATITLAN_RECICLA|2026|03|Santa Clara La Laguna,atitlan_recicla,2026,3,MAR,Tzolojya,Santa Clara La Laguna,mujeres,5.0,3.0,2.0,1.0,5.0,0.0,47.89,0.0,47.89,1036.9,0.0,0.0,1036.9,0.0,0.0,0.0,1036.9,1036.9,0.0,44.0,69.12666666666668,0.2,0.0,0.0,0.0,0.0,47.69,,8.0,1028.9,0.0,0.0
ATITLAN_RECICLA|2026|03|Santa Lucía Utatlán,atitlan_recicla,2026,3,MAR,Tzolojya,Santa Lucía Utatlán,mujeres_y_muni,0.0,0.0,0.0,0.0,0.0,0.0,0.0,23.54,23.54,0.0,0.0,0.0,0.0,511.5,52.4,459.1,511.5,459.1,52.4,0.0,,2.82,0.0,0.0,0.0,0.0,15.35,,76.7,307.0,0.0,0.0
ATITLAN_RECICLA|2026|03|Santa María Visitación,atitlan_recicla,2026,3,MAR,Tzolojya,Santa María Visitación,mujeres_y_muni,0.0,0.0,0.0,0.0,0.0,0.0,0.0,1.25,1.25,0.0,0.0,0.0,0.0,50.0,6.25,43.75,50.0,43.75,6.25,0.0,,1.25,0.0,0.0,0.0,0.0,0.0,,43.75,0.0,0.0,0.0
ATITLAN_RECICLA|2026|03|Sololá,atitlan_recicla,2026,3,MAR,Tzolojya,Sololá,mujeres_y_muni,6.0,5.0,2.0,0.0,6.0,0.0,92.32,154.38,246.7,1520.0,0.0,0.0,1520.0,2481.52,76.35,2405.17,4001.52,3925.17,76.35,123.0,38.0,11.13,0.0,0.0,0.0,0.0,59.17,,415.9,1161.92,0.0,0.0
ATITLAN_RECICLA|2026|03|San Lucas Tolimán,atitlan_recicla,2026,3,MAR,Zona Sur,San Lucas Tolimán,mujeres_y_muni,6.0,5.0,5.0,0.0,6.0,0.0,219.55,0.0,219.55,5188.45,575.0,67.5,5120.95,0.0,0.0,0.0,5188.45,5120.95,67.5,470.0,204.83800000000002,31.0,0.0,0.0,0.0,0.0,117.3,,1405.0,1653.45,0.0,0.0
ATITLAN_RECICLA|2026|03|Santiago Atitlán,atitlan_recicla,2026,3,MAR,Zona Sur,Santiago Atitlán,mujeres_y_muni,7.0,7.0,7.0,0.0,11.0,0.0,213.65,0.0,213.65,4288.15,500.0,54.6,4233.549999999999,0.0,0.0,0.0,4288.15,4233.549999999999,54.6,450.0,120.95857142857142,7.5,0.0,0.0,0.0,0.0,190.5,,300.0,2989.0,0.0,0.0
ATITLAN_RECICLA|2026|04|Panajachel,atitlan_recicla,2026,4,ABR,Kaqchikel,Panajachel,mujeres,11.0,5.0,5.0,0.0,7.0,0.0,633.48,0.0,633.48,11173.42,1250.0,0.0,11173.42,0.0,0.0,0.0,11173.42,11173.42,0.0,578.0,446.93680000000006,31.04,0.0,0.0,0.0,0.0,300.16,,1088.75,6807.62,0.0,42.0
ATITLAN_RECICLA|2026|04|San Antonio Palopó,atitlan_recicla,2026,4,ABR,Kaqchikel,San Antonio Palopó,mujeres,4.0,2.0,0.0,0.0,4.0,0.0,0.0,0.0,0.0,0.0,0.0,0.0,0.0,0.0,0.0,0.0,0.0,0.0,0.0,0.0,,0.0,0.0,0.0,0.0,0.0,0.0,,0.0,0.0,0.0,0.0
ATITLAN_RECICLA|2026|04|San Juan La Laguna,atitlan_recicla,2026,4,ABR,Kaqchikel,San Juan La Laguna,mujeres,3.0,3.0,1.0,0.0,5.0,0.0,42.94,0.0,42.94,743.56,0.0,0.0,743.56,0.0,0.0,0.0,743.56,743.56,0.0,54.1,148.712,0.75,0.0,0.0,0.0,0.0,33.41,,20.55,596.05,0.0,0.0
ATITLAN_RECICLA|2026|04|Santa Catarina Palopó,atitlan_recicla,2026,4,ABR,Kaqchikel,Santa Catarina Palopó,mujeres,4.0,2.0,1.0,0.0,4.0,0.0,21.15,0.0,21.15,370.86,0.0,0.0,370.86,0.0,0.0,0.0,370.86,370.86,0.0,32.0,74.172,0.73,0.0,0.0,0.0,0.0,17.03,,22.95,290.66,0.0,0.0
ATITLAN_RECICLA|2026|04|Jaibalito,atitlan_recicla,2026,4,ABR,Las Lagunas,Jaibalito,mujeres,2.0,2.0,2.0,0.0,3.0,0.0,14.01,0.0,14.01,289.68,0.0,0.0,289.68,0.0,0.0,0.0,289.68,289.68,0.0,32.9,28.968,0.27,0.0,0.0,0.0,0.0,2.24,,10.4,49.28,0.0,0.0
ATITLAN_RECICLA|2026|04|San Marcos La Laguna,atitlan_recicla,2026,4,ABR,Las Lagunas,San Marcos La Laguna,mujeres_y_muni,0.0,0.0,0.0,0.0,0.0,0.0,0.0,74.8,74.8,0.0,0.0,0.0,0.0,1318.05,224.6,1093.45,1318.05,1093.45,224.6,0.0,,4.8,0.0,0.0,0.0,0.0,57.28,,94.25,861.7,0.0,0.0
ATITLAN_RECICLA|2026|04|Santa Cruz La Laguna,atitlan_recicla,2026,4,ABR,Las Lagunas,Santa Cruz La Laguna,mujeres,3.0,3.0,3.0,0.0,5.0,0.0,57.0,0.0,57.0,1032.35,0.0,0.0,1032.35,0.0,0.0,0.0,1032.35,1032.35,0.0,167.1,68.82333333333332,1.49,0.0,0.0,0.0,0.0,46.5,,47.5,877.8,0.0,0.0
ATITLAN_RECICLA|2026|04|Tzununá,atitlan_recicla,2026,4,ABR,Las Lagunas,Tzununá,mujeres,4.0,4.0,4.0,0.0,5.0,0.0,24.88,0.0,24.88,471.3,0.0,0.0,471.3,0.0,0.0,0.0,471.3,471.3,0.0,40.0,23.565,0.23,0.0,0.0,0.0,0.0,24.65,,6.45,464.85,0.0,0.0
ATITLAN_RECICLA|2026|04|San Andrés Semetabaj,atitlan_recicla,2026,4,ABR,Tzolojya,San Andrés Semetabaj,mujeres,3.0,1.0,1.0,0.0,3.0,0.0,22.61,0.0,22.61,464.76,0.0,0.0,464.76,0.0,0.0,0.0,464.76,464.76,0.0,34.0,92.952,0.77,0.0,0.0,0.0,0.0,18.64,,27.8,390.16,0.0,0.0
ATITLAN_RECICLA|2026|04|Santa Clara La Laguna,atitlan_recicla,2026,4,ABR,Tzolojya,Santa Clara La Laguna,mujeres,5.0,3.0,1.0,1.0,5.0,0.0,42.31,0.0,42.31,927.1,0.0,0.0,927.1,0.0,0.0,0.0,927.1,927.1,0.0,80.0,92.71000000000001,0.0,0.0,0.0,0.0,0.0,42.31,,0.0,927.1,0.0,0.0
ATITLAN_RECICLA|2026|04|Santa Lucía Utatlán,atitlan_recicla,2026,4,ABR,Tzolojya,Santa Lucía Utatlán,mujeres_y_muni,0.0,0.0,0.0,0.0,0.0,0.0,0.0,24.9,24.9,0.0,0.0,0.0,0.0,595.08,59.83,535.25,595.08,535.25,59.83,0.0,,3.35,0.0,0.0,0.0,0.0,15.09,,117.25,301.8,0.0,0.0
ATITLAN_RECICLA|2026|04|Santa María Visitación,atitlan_recicla,2026,4,ABR,Tzolojya,Santa María Visitación,mujeres_y_muni,0.0,0.0,0.0,0.0,0.0,0.0,0.0,9.4,9.4,0.0,0.0,0.0,0.0,309.5,38.0,271.5,309.5,271.5,38.0,0.0,,3.9,0.0,0.0,0.0,0.0,3.0,,136.5,60.0,0.0,0.0
ATITLAN_RECICLA|2026|04|Sololá,atitlan_recicla,2026,4,ABR,Tzolojya,Sololá,mujeres_y_muni,6.0,5.0,1.0,0.0,6.0,0.0,105.77,0.0,105.77,1950.24,0.0,0.0,1950.24,0.0,0.0,0.0,1950.24,1950.24,0.0,132.0,97.512,9.41,0.0,0.0,0.0,0.0,31.4,,316.45,699.84,0.0,100.0
ATITLAN_RECICLA|2026|04|San Lucas Tolimán,atitlan_recicla,2026,4,ABR,Zona Sur,San Lucas Tolimán,mujeres_y_muni,5.0,5.0,4.0,1.0,6.0,0.0,424.4,0.0,424.4,8772.75,575.0,73.5,8699.25,0.0,0.0,0.0,8772.75,8699.25,73.5,495.0,347.96999999999997,32.2,0.0,0.0,0.0,0.0,125.0,,1472.75,1875.0,0.0,0.0
ATITLAN_RECICLA|2026|04|Santiago Atitlán,atitlan_recicla,2026,4,ABR,Zona Sur,Santiago Atitlán,mujeres_y_muni,8.0,7.0,8.0,0.0,11.0,0.0,185.85,0.0,185.85,4045.25,475.0,57.0,3988.25,0.0,0.0,0.0,4045.25,3988.25,57.0,413.0,99.70625,6.65,0.0,0.0,0.0,0.0,160.0,,261.75,2700.0,0.0,0.0
ATITLAN_RECICLA|2026|05|Panajachel,atitlan_recicla,2026,5,MAY,Kaqchikel,Panajachel,mujeres,11.0,5.0,5.0,0.0,7.0,0.0,732.76,0.0,732.76,17166.71,1260.0,628.0,16538.71,0.0,0.0,0.0,17166.71,16538.71,628.0,628.0,661.5483999999999,46.72,0.0,1256.0,0.0,0.0,320.03,,1614.8,7256.56,565.2,0.0
ATITLAN_RECICLA|2026|05|San Antonio Palopó,atitlan_recicla,2026,5,MAY,Kaqchikel,San Antonio Palopó,mujeres,4.0,2.0,0.0,0.0,4.0,0.0,0.0,0.0,0.0,0.0,0.0,0.0,0.0,0.0,0.0,0.0,0.0,0.0,0.0,0.0,,0.0,0.0,0.0,0.0,0.0,0.0,,0.0,0.0,0.0,0.0
ATITLAN_RECICLA|2026|05|San Juan La Laguna,atitlan_recicla,2026,5,MAY,Kaqchikel,San Juan La Laguna,mujeres,3.0,3.0,1.0,0.0,5.0,0.0,43.65,0.0,43.65,736.45,0.0,0.0,736.45,0.0,0.0,0.0,736.45,736.45,0.0,48.0,36.822500000000005,0.96,0.0,0.0,0.0,0.0,37.44,,24.15,676.8,0.0,0.0
ATITLAN_RECICLA|2026|05|Santa Catarina Palopó,atitlan_recicla,2026,5,MAY,Kaqchikel,Santa Catarina Palopó,mujeres,4.0,1.0,1.0,0.0,4.0,0.0,22.64,0.0,22.64,427.86,0.0,0.0,427.86,0.0,0.0,0.0,427.86,427.86,0.0,38.0,85.572,0.88,0.0,0.0,0.0,0.0,20.21,,29.0,375.86,0.0,0.0
ATITLAN_RECICLA|2026|05|Jaibalito,atitlan_recicla,2026,5,MAY,Las Lagunas,Jaibalito,mujeres,2.0,2.0,2.0,0.0,3.0,0.0,24.22,0.0,24.22,471.17,0.0,0.0,471.17,0.0,0.0,0.0,471.17,471.17,0.0,54.8,47.117000000000004,1.33,0.0,0.0,0.0,0.0,10.26,,48.7,225.72,0.0,0.0
ATITLAN_RECICLA|2026|05|San Marcos La Laguna,atitlan_recicla,2026,5,MAY,Las Lagunas,San Marcos La Laguna,mujeres_y_muni,0.0,0.0,0.0,0.0,0.0,0.0,0.0,71.6,71.6,0.0,0.0,0.0,0.0,1133.41,111.82,1021.5900000000001,1133.41,1021.5900000000001,111.82,0.0,,9.61,0.0,0.0,0.0,0.0,25.74,,208.15,434.98,0.0,0.0
ATITLAN_RECICLA|2026|05|Santa Cruz La Laguna,atitlan_recicla,2026,5,MAY,Las Lagunas,Santa Cruz La Laguna,mujeres,3.0,3.0,2.0,0.0,5.0,0.0,65.06,0.0,65.06,1348.5,0.0,6.9,1341.6,0.0,0.0,0.0,1348.5,1341.6,6.9,188.7,134.16,1.79,0.0,0.0,0.0,0.0,51.12,,57.25,1065.0,0.0,0.0
ATITLAN_RECICLA|2026|05|Tzununá,atitlan_recicla,2026,5,MAY,Las Lagunas,Tzununá,mujeres,4.0,4.0,4.0,0.0,5.0,0.0,46.87,0.0,46.87,887.1,0.0,0.0,887.1,0.0,0.0,0.0,887.1,887.1,0.0,75.3,44.355000000000004,0.04,0.0,0.0,0.0,0.0,46.08,,1.2,881.4,0.0,0.0
ATITLAN_RECICLA|2026|05|San Andrés Semetabaj,atitlan_recicla,2026,5,MAY,Tzolojya,San Andrés Semetabaj,mujeres,3.0,1.0,1.0,0.0,3.0,0.0,25.86,0.0,25.86,518.4,0.0,0.0,518.4,0.0,0.0,0.0,518.4,518.4,0.0,39.0,103.67999999999999,0.0,0.0,0.0,0.0,0.0,23.79,,0.0,497.7,0.0,0.0
ATITLAN_RECICLA|2026|05|Santa Clara La Laguna,atitlan_recicla,2026,5,MAY,Tzolojya,Santa Clara La Laguna,mujeres,5.0,3.0,1.0,1.0,5.0,0.0,45.1,0.0,45.1,994.0,0.0,0.0,994.0,0.0,0.0,0.0,994.0,994.0,0.0,36.0,99.4,0.1,0.0,0.0,0.0,0.0,45.0,,4.0,990.0,0.0,0.0
ATITLAN_RECICLA|2026|05|Santa Lucía Utatlán,atitlan_recicla,2026,5,MAY,Tzolojya,Santa Lucía Utatlán,mujeres_y_muni,0.0,0.0,0.0,0.0,0.0,0.0,0.0,22.96,22.96,0.0,0.0,0.0,0.0,554.95,47.6,507.35,554.95,507.35,47.6,0.0,,4.95,0.0,0.0,0.0,0.0,13.3,,158.25,266.0,0.0,0.0
ATITLAN_RECICLA|2026|05|Santa María Visitación,atitlan_recicla,2026,5,MAY,Tzolojya,Santa María Visitación,mujeres_y_muni,0.0,0.0,0.0,0.0,0.0,0.0,0.0,5.95,5.95,0.0,0.0,0.0,0.0,171.0,16.25,154.75,171.0,154.75,16.25,0.0,,1.25,0.0,0.0,0.0,0.0,3.0,,43.75,60.0,0.0,0.0
ATITLAN_RECICLA|2026|05|Sololá,atitlan_recicla,2026,5,MAY,Tzolojya,Sololá,mujeres_y_muni,6.0,5.0,2.0,0.0,6.0,0.0,110.34,0.0,110.34,2137.7,0.0,4.2,2133.5,0.0,0.0,0.0,2137.7,2133.5,4.2,145.0,213.35,9.24,0.0,0.0,0.0,0.0,46.35,,302.65,965.1,0.0,0.0
ATITLAN_RECICLA|2026|05|San Lucas Tolimán,atitlan_recicla,2026,5,MAY,Zona Sur,San Lucas Tolimán,mujeres_y_muni,5.0,5.0,4.0,1.0,6.0,0.0,294.3,0.0,294.3,7457.5,550.0,25.0,7432.5,0.0,0.0,0.0,7457.5,7432.5,25.0,380.0,297.3,54.0,0.0,0.0,0.0,0.0,110.0,,2505.0,1840.0,0.0,0.0
ATITLAN_RECICLA|2026|05|Santiago Atitlán,atitlan_recicla,2026,5,MAY,Zona Sur,Santiago Atitlán,mujeres_y_muni,8.0,7.0,8.0,0.0,11.0,0.0,197.0,0.0,197.0,4309.75,475.0,54.0,4255.75,0.0,0.0,0.0,4309.75,4255.75,54.0,377.0,106.39375,9.4,0.0,0.0,0.0,0.0,175.0,,367.25,2950.0,0.0,110.0
ATITLAN_RECICLA|2026|06|Panajachel,atitlan_recicla,2026,6,JUN,Kaqchikel,Panajachel,mujeres,,,,,,,,,0.0,,,,0.0,0.0,0.0,0.0,0.0,0.0,0.0,,,,,,,,,,,,,0.0
ATITLAN_RECICLA|2026|06|San Antonio Palopó,atitlan_recicla,2026,6,JUN,Kaqchikel,San Antonio Palopó,mujeres,,,,,,,,,0.0,,,,0.0,0.0,0.0,0.0,0.0,0.0,0.0,,,,,,,,,,,,,
ATITLAN_RECICLA|2026|06|San Juan La Laguna,atitlan_recicla,2026,6,JUN,Kaqchikel,San Juan La Laguna,mujeres,,,,,,,,,0.0,,,,0.0,0.0,0.0,0.0,0.0,0.0,0.0,,,,,,,,,,,,,
ATITLAN_RECICLA|2026|06|Santa Catarina Palopó,atitlan_recicla,2026,6,JUN,Kaqchikel,Santa Catarina Palopó,mujeres,,,,,,,,,0.0,,,,0.0,0.0,0.0,0.0,0.0,0.0,0.0,,,,,,,,,,,,,
ATITLAN_RECICLA|2026|06|Jaibalito,atitlan_recicla,2026,6,JUN,Las Lagunas,Jaibalito,mujeres,,,,,,,,,0.0,,,,0.0,,,0.0,0.0,0.0,0.0,,,,,,,,,,,,,
ATITLAN_RECICLA|2026|06|San Marcos La Laguna,atitlan_recicla,2026,6,JUN,Las Lagunas,San Marcos La Laguna,mujeres_y_muni,,,,,,,,,0.0,0.0,,,0.0,,,0.0,0.0,0.0,0.0,,,,,,,,,,,,,0.0
ATITLAN_RECICLA|2026|06|Santa Cruz La Laguna,atitlan_recicla,2026,6,JUN,Las Lagunas,Santa Cruz La Laguna,mujeres,,,,,,,,,0.0,,,,0.0,0.0,0.0,0.0,0.0,0.0,0.0,,,,,,,,,,,,,0.0
ATITLAN_RECICLA|2026|06|Tzununá,atitlan_recicla,2026,6,JUN,Las Lagunas,Tzununá,mujeres,,,,,,,,0.0,0.0,,,,0.0,0.0,0.0,0.0,0.0,0.0,0.0,,,,,,,,,,,,,
ATITLAN_RECICLA|2026|06|San Andrés Semetabaj,atitlan_recicla,2026,6,JUN,Tzolojya,San Andrés Semetabaj,mujeres,,,,,,,,,0.0,,,,0.0,0.0,0.0,0.0,0.0,0.0,0.0,,,,,,,,,,,,,
ATITLAN_RECICLA|2026|06|Santa Clara La Laguna,atitlan_recicla,2026,6,JUN,Tzolojya,Santa Clara La Laguna,mujeres,,,,,,,,,0.0,,,,0.0,0.0,0.0,0.0,0.0,0.0,0.0,,,,,,,,,,,,,0.0
ATITLAN_RECICLA|2026|06|Santa Lucía Utatlán,atitlan_recicla,2026,6,JUN,Tzolojya,Santa Lucía Utatlán,mujeres_y_muni,,,,,,,,,0.0,0.0,,,0.0,,,0.0,0.0,0.0,0.0,,,,,,,,,,,,,0.0
ATITLAN_RECICLA|2026|06|Santa María Visitación,atitlan_recicla,2026,6,JUN,Tzolojya,Santa María Visitación,mujeres_y_muni,,,,,,,,0.0,0.0,,,,0.0,0.0,0.0,0.0,0.0,0.0,0.0,,,,,,,,,,,,,
ATITLAN_RECICLA|2026|06|Sololá,atitlan_recicla,2026,6,JUN,Tzolojya,Sololá,mujeres_y_muni,,,,,,,,,0.0,,,,0.0,,,0.0,0.0,0.0,0.0,,,,,,,,,,,,,
ATITLAN_RECICLA|2026|06|San Lucas Tolimán,atitlan_recicla,2026,6,JUN,Zona Sur,San Lucas Tolimán,mujeres_y_muni,,,,,,,,,0.0,,,,0.0,0.0,0.0,0.0,0.0,0.0,0.0,,,,,,,,,,,,,
ATITLAN_RECICLA|2026|06|Santiago Atitlán,atitlan_recicla,2026,6,JUN,Zona Sur,Santiago Atitlán,mujeres_y_muni,,,,,,,,,0.0,,,,0.0,0.0,0.0,0.0,0.0,0.0,0.0,,,,,,,,,,,,,
ATITLAN_RECICLA|2026|07|Panajachel,atitlan_recicla,2026,7,JUL,Kaqchikel,Panajachel,mujeres,,,,,,,,,0.0,,,,0.0,0.0,0.0,0.0,0.0,0.0,0.0,,,,,,,,,,,,0.0,0.0
ATITLAN_RECICLA|2026|07|San Antonio Palopó,atitlan_recicla,2026,7,JUL,Kaqchikel,San Antonio Palopó,mujeres,,,,,,,,0.0,0.0,0.0,0.0,0.0,0.0,0.0,0.0,0.0,0.0,0.0,0.0,0.0,,0.0,0.0,0.0,0.0,0.0,0.0,,0.0,0.0,0.0,0.0
ATITLAN_RECICLA|2026|07|San Juan La Laguna,atitlan_recicla,2026,7,JUL,Kaqchikel,San Juan La Laguna,mujeres,,,,,,,,,0.0,,,,0.0,0.0,0.0,0.0,0.0,0.0,0.0,,,,,,,,,,,,,
ATITLAN_RECICLA|2026|07|Santa Catarina Palopó,atitlan_recicla,2026,7,JUL,Kaqchikel,Santa Catarina Palopó,mujeres,,,,,,,,,0.0,,,,0.0,0.0,0.0,0.0,0.0,0.0,0.0,,,,,,,,,,,,,0.0
ATITLAN_RECICLA|2026|07|Jaibalito,atitlan_recicla,2026,7,JUL,Las Lagunas,Jaibalito,mujeres,,,,,,,,,0.0,,,,0.0,,,0.0,0.0,0.0,0.0,,,,,,,,,,,,,0.0
ATITLAN_RECICLA|2026|07|San Marcos La Laguna,atitlan_recicla,2026,7,JUL,Las Lagunas,San Marcos La Laguna,mujeres_y_muni,,,,,,,,,0.0,0.0,0.0,0.0,0.0,,,0.0,0.0,0.0,0.0,,,,,,,,,,,,,0.0
ATITLAN_RECICLA|2026|07|Santa Cruz La Laguna,atitlan_recicla,2026,7,JUL,Las Lagunas,Santa Cruz La Laguna,mujeres,,,,,,,,,0.0,,,,0.0,0.0,0.0,0.0,0.0,0.0,0.0,,,,,,,,,,,,,0.0
ATITLAN_RECICLA|2026|07|Tzununá,atitlan_recicla,2026,7,JUL,Las Lagunas,Tzununá,mujeres,,,,,,,,,0.0,,,,0.0,0.0,0.0,0.0,0.0,0.0,0.0,,,,,,,,,,,,,
ATITLAN_RECICLA|2026|07|San Andrés Semetabaj,atitlan_recicla,2026,7,JUL,Tzolojya,San Andrés Semetabaj,mujeres,,,,,,,,,0.0,,,,0.0,0.0,0.0,0.0,0.0,0.0,0.0,,,,,,,,,,,,,0.0
ATITLAN_RECICLA|2026|07|Santa Clara La Laguna,atitlan_recicla,2026,7,JUL,Tzolojya,Santa Clara La Laguna,mujeres,,,,,,,,,0.0,,,,0.0,0.0,0.0,0.0,0.0,0.0,0.0,,,,,,,,,,,,,0.0
ATITLAN_RECICLA|2026|07|Santa Lucía Utatlán,atitlan_recicla,2026,7,JUL,Tzolojya,Santa Lucía Utatlán,mujeres_y_muni,,,,,,,,,0.0,0.0,0.0,0.0,0.0,,,0.0,0.0,0.0,0.0,,,,,,,,,,,,,0.0
ATITLAN_RECICLA|2026|07|Santa María Visitación,atitlan_recicla,2026,7,JUL,Tzolojya,Santa María Visitación,mujeres_y_muni,,,,,,,,,0.0,,,,0.0,0.0,0.0,0.0,0.0,0.0,0.0,,,,,,,,,,,,,
ATITLAN_RECICLA|2026|07|Sololá,atitlan_recicla,2026,7,JUL,Tzolojya,Sololá,mujeres_y_muni,,,,,,,,,0.0,,,,0.0,,,0.0,0.0,0.0,0.0,,,,,,,,,,,,,0.0
ATITLAN_RECICLA|2026|07|San Lucas Tolimán,atitlan_recicla,2026,7,JUL,Zona Sur,San Lucas Tolimán,mujeres_y_muni,,,,,,,,,0.0,,,,0.0,0.0,0.0,0.0,0.0,0.0,0.0,,,,,,,,,,,,,
ATITLAN_RECICLA|2026|07|Santiago Atitlán,atitlan_recicla,2026,7,JUL,Zona Sur,Santiago Atitlán,mujeres_y_muni,,,,,,,,0.0,0.0,,,,0.0,0.0,0.0,0.0,0.0,0.0,0.0,,,,,,,,,,,,,
ATITLAN_RECICLA|2026|08|Panajachel,atitlan_recicla,2026,8,AGO,Kaqchikel,Panajachel,mujeres,,,,,,,,,0.0,,,,0.0,0.0,0.0,0.0,0.0,0.0,0.0,,,,,,,,,,,,0.0,0.0
ATITLAN_RECICLA|2026|08|San Antonio Palopó,atitlan_recicla,2026,8,AGO,Kaqchikel,San Antonio Palopó,mujeres,,,,,,,,0.0,0.0,0.0,0.0,0.0,0.0,0.0,0.0,0.0,0.0,0.0,0.0,0.0,,0.0,0.0,0.0,0.0,0.0,0.0,,0.0,0.0,0.0,0.0
ATITLAN_RECICLA|2026|08|San Juan La Laguna,atitlan_recicla,2026,8,AGO,Kaqchikel,San Juan La Laguna,mujeres,,,,,,,,,0.0,,,,0.0,0.0,0.0,0.0,0.0,0.0,0.0,,,,,,,,,,,,,
ATITLAN_RECICLA|2026|08|Santa Catarina Palopó,atitlan_recicla,2026,8,AGO,Kaqchikel,Santa Catarina Palopó,mujeres,,,,,,,,,0.0,,,,0.0,0.0,0.0,0.0,0.0,0.0,0.0,,,,,,,,,,,,,0.0
ATITLAN_RECICLA|2026|08|Jaibalito,atitlan_recicla,2026,8,AGO,Las Lagunas,Jaibalito,mujeres,,,,,,,,,0.0,,,,0.0,,,0.0,0.0,0.0,0.0,,,,,,,,,,,,,0.0
ATITLAN_RECICLA|2026|08|San Marcos La Laguna,atitlan_recicla,2026,8,AGO,Las Lagunas,San Marcos La Laguna,mujeres_y_muni,,,,,,,,,0.0,0.0,0.0,0.0,0.0,,,0.0,0.0,0.0,0.0,,,,,,,,,,,,,0.0
ATITLAN_RECICLA|2026|08|Santa Cruz La Laguna,atitlan_recicla,2026,8,AGO,Las Lagunas,Santa Cruz La Laguna,mujeres,,,,,,,,,0.0,,,,0.0,0.0,0.0,0.0,0.0,0.0,0.0,,,,,,,,,,,,,0.0
ATITLAN_RECICLA|2026|08|Tzununá,atitlan_recicla,2026,8,AGO,Las Lagunas,Tzununá,mujeres,,,,,,,,,0.0,,,,0.0,0.0,0.0,0.0,0.0,0.0,0.0,,,,,,,,,,,,,
ATITLAN_RECICLA|2026|08|San Andrés Semetabaj,atitlan_recicla,2026,8,AGO,Tzolojya,San Andrés Semetabaj,mujeres,,,,,,,,,0.0,,,,0.0,0.0,0.0,0.0,0.0,0.0,0.0,,,,,,,,,,,,,0.0
ATITLAN_RECICLA|2026|08|Santa Clara La Laguna,atitlan_recicla,2026,8,AGO,Tzolojya,Santa Clara La Laguna,mujeres,,,,,,,,,0.0,,,,0.0,0.0,0.0,0.0,0.0,0.0,0.0,,,,,,,,,,,,,0.0
ATITLAN_RECICLA|2026|08|Santa Lucía Utatlán,atitlan_recicla,2026,8,AGO,Tzolojya,Santa Lucía Utatlán,mujeres_y_muni,,,,,,,,,0.0,0.0,0.0,0.0,0.0,,,0.0,0.0,0.0,0.0,,,,,,,,,,,,,0.0
ATITLAN_RECICLA|2026|08|Santa María Visitación,atitlan_recicla,2026,8,AGO,Tzolojya,Santa María Visitación,mujeres_y_muni,,,,,,,,,0.0,,,,0.0,0.0,0.0,0.0,0.0,0.0,0.0,,,,,,,,,,,,,
ATITLAN_RECICLA|2026|08|Sololá,atitlan_recicla,2026,8,AGO,Tzolojya,Sololá,mujeres_y_muni,,,,,,,,,0.0,,,,0.0,,,0.0,0.0,0.0,0.0,,,,,,,,,,,,,0.0
ATITLAN_RECICLA|2026|08|San Lucas Tolimán,atitlan_recicla,2026,8,AGO,Zona Sur,San Lucas Tolimán,mujeres_y_muni,,,,,,,,,0.0,,,,0.0,0.0,0.0,0.0,0.0,0.0,0.0,,,,,,,,,,,,,
ATITLAN_RECICLA|2026|08|Santiago Atitlán,atitlan_recicla,2026,8,AGO,Zona Sur,Santiago Atitlán,mujeres_y_muni,,,,,,,,0.0,0.0,,,,0.0,0.0,0.0,0.0,0.0,0.0,0.0,,,,,,,,,,,,,
ATITLAN_RECICLA|2026|09|Panajachel,atitlan_recicla,2026,9,SEP,Kaqchikel,Panajachel,mujeres,,,,,,,,,0.0,,,,0.0,0.0,0.0,0.0,0.0,0.0,0.0,,,,,,,,,,,,0.0,0.0
ATITLAN_RECICLA|2026|09|San Antonio Palopó,atitlan_recicla,2026,9,SEP,Kaqchikel,San Antonio Palopó,mujeres,,,,,,,,0.0,0.0,0.0,0.0,0.0,0.0,0.0,0.0,0.0,0.0,0.0,0.0,,,0.0,0.0,0.0,0.0,0.0,0.0,,0.0,0.0,0.0,0.0
ATITLAN_RECICLA|2026|09|San Juan La Laguna,atitlan_recicla,2026,9,SEP,Kaqchikel,San Juan La Laguna,mujeres,,,,,,,,,0.0,,,,0.0,0.0,0.0,0.0,0.0,0.0,0.0,,,,,,,,,,,,,
ATITLAN_RECICLA|2026|09|Santa Catarina Palopó,atitlan_recicla,2026,9,SEP,Kaqchikel,Santa Catarina Palopó,mujeres,,,,,,,,,0.0,,,,0.0,0.0,0.0,0.0,0.0,0.0,0.0,,,,,,,,,,,,,0.0
ATITLAN_RECICLA|2026|09|Jaibalito,atitlan_recicla,2026,9,SEP,Las Lagunas,Jaibalito,mujeres,,,,,,,,,0.0,,,,0.0,,,0.0,0.0,0.0,0.0,,,,,,,,,,,,,0.0
ATITLAN_RECICLA|2026|09|San Marcos La Laguna,atitlan_recicla,2026,9,SEP,Las Lagunas,San Marcos La Laguna,mujeres_y_muni,,,,,,,,,0.0,0.0,0.0,,0.0,,,0.0,0.0,0.0,0.0,,,,,,,,,,,,,0.0
ATITLAN_RECICLA|2026|09|Santa Cruz La Laguna,atitlan_recicla,2026,9,SEP,Las Lagunas,Santa Cruz La Laguna,mujeres,,,,,,,,,0.0,,,,0.0,0.0,0.0,0.0,0.0,0.0,0.0,,,,,,,,,,,,,0.0
ATITLAN_RECICLA|2026|09|Tzununá,atitlan_recicla,2026,9,SEP,Las Lagunas,Tzununá,mujeres,,,,,,,,,0.0,,,,0.0,0.0,0.0,0.0,0.0,0.0,0.0,,,,,,,,,,,,,
ATITLAN_RECICLA|2026|09|San Andrés Semetabaj,atitlan_recicla,2026,9,SEP,Tzolojya,San Andrés Semetabaj,mujeres,,,,,,,,,0.0,,,,0.0,0.0,0.0,0.0,0.0,0.0,0.0,,,,,,,,,,,,,0.0
ATITLAN_RECICLA|2026|09|Santa Clara La Laguna,atitlan_recicla,2026,9,SEP,Tzolojya,Santa Clara La Laguna,mujeres,,,,,,,,,0.0,,,,0.0,0.0,0.0,0.0,0.0,0.0,0.0,,,,,,,,,,,,,0.0
ATITLAN_RECICLA|2026|09|Santa Lucía Utatlán,atitlan_recicla,2026,9,SEP,Tzolojya,Santa Lucía Utatlán,mujeres_y_muni,,,,,,,,,0.0,0.0,0.0,,0.0,,,0.0,0.0,0.0,0.0,,,,,,,,,,,,,0.0
ATITLAN_RECICLA|2026|09|Santa María Visitación,atitlan_recicla,2026,9,SEP,Tzolojya,Santa María Visitación,mujeres_y_muni,,,,,,,,,0.0,,,,0.0,0.0,0.0,0.0,0.0,0.0,0.0,,,,,,,,,,,,,
ATITLAN_RECICLA|2026|09|Sololá,atitlan_recicla,2026,9,SEP,Tzolojya,Sololá,mujeres_y_muni,,,,,,,,,0.0,,,,0.0,,,0.0,0.0,0.0,0.0,,,,,,,,,,,,,0.0
ATITLAN_RECICLA|2026|09|San Lucas Tolimán,atitlan_recicla,2026,9,SEP,Zona Sur,San Lucas Tolimán,mujeres_y_muni,,,,,,,,,0.0,,,,0.0,0.0,0.0,0.0,0.0,0.0,0.0,,,,,,,,,,,,,
ATITLAN_RECICLA|2026|09|Santiago Atitlán,atitlan_recicla,2026,9,SEP,Zona Sur,Santiago Atitlán,mujeres_y_muni,,,,,,,,,0.0,,,,0.0,0.0,0.0,0.0,0.0,0.0,0.0,,,,,,,,,,,,,
ATITLAN_RECICLA|2026|10|Panajachel,atitlan_recicla,2026,10,OCT,Kaqchikel,Panajachel,mujeres,,,,,,,,,0.0,,,,0.0,0.0,0.0,0.0,0.0,0.0,0.0,,,,,,,,,,,,,0.0
ATITLAN_RECICLA|2026|10|San Antonio Palopó,atitlan_recicla,2026,10,OCT,Kaqchikel,San Antonio Palopó,mujeres,,,,,,,,0.0,0.0,0.0,0.0,0.0,0.0,0.0,0.0,0.0,0.0,0.0,0.0,0.0,,0.0,0.0,0.0,0.0,0.0,0.0,,0.0,0.0,0.0,0.0
ATITLAN_RECICLA|2026|10|San Juan La Laguna,atitlan_recicla,2026,10,OCT,Kaqchikel,San Juan La Laguna,mujeres,,,,,,,,,0.0,,,,0.0,0.0,0.0,0.0,0.0,0.0,0.0,,,,,,,,,,,,,
ATITLAN_RECICLA|2026|10|Santa Catarina Palopó,atitlan_recicla,2026,10,OCT,Kaqchikel,Santa Catarina Palopó,mujeres,,,,,,,,,0.0,,,,0.0,0.0,0.0,0.0,0.0,0.0,0.0,,,,,,,,,,,,,0.0
ATITLAN_RECICLA|2026|10|Jaibalito,atitlan_recicla,2026,10,OCT,Las Lagunas,Jaibalito,mujeres,,,,,,,,,0.0,,,,0.0,,,0.0,0.0,0.0,0.0,,,,,,,,,,,,,
ATITLAN_RECICLA|2026|10|San Marcos La Laguna,atitlan_recicla,2026,10,OCT,Las Lagunas,San Marcos La Laguna,mujeres_y_muni,,,,,,,,,0.0,0.0,0.0,0.0,0.0,,,0.0,0.0,0.0,0.0,,,,,,,,,,,,,0.0
ATITLAN_RECICLA|2026|10|Santa Cruz La Laguna,atitlan_recicla,2026,10,OCT,Las Lagunas,Santa Cruz La Laguna,mujeres,,,,,,,,,0.0,,,,0.0,0.0,0.0,0.0,0.0,0.0,0.0,,,,,,,,,,,,,0.0
ATITLAN_RECICLA|2026|10|Tzununá,atitlan_recicla,2026,10,OCT,Las Lagunas,Tzununá,mujeres,,,,,,,,,0.0,,,,0.0,0.0,0.0,0.0,0.0,0.0,0.0,,,,,,,,,,,,,
ATITLAN_RECICLA|2026|10|San Andrés Semetabaj,atitlan_recicla,2026,10,OCT,Tzolojya,San Andrés Semetabaj,mujeres,,,,,,,,,0.0,,,,0.0,0.0,0.0,0.0,0.0,0.0,0.0,,,,,,,,,,,,,0.0
ATITLAN_RECICLA|2026|10|Santa Clara La Laguna,atitlan_recicla,2026,10,OCT,Tzolojya,Santa Clara La Laguna,mujeres,,,,,,,,,0.0,,,,0.0,0.0,0.0,0.0,0.0,0.0,0.0,,,,,,,,,,,,,0.0
ATITLAN_RECICLA|2026|10|Santa Lucía Utatlán,atitlan_recicla,2026,10,OCT,Tzolojya,Santa Lucía Utatlán,mujeres_y_muni,,,,,,,,,0.0,0.0,0.0,0.0,0.0,,,0.0,0.0,0.0,0.0,,,,,,,,,,,,,0.0
ATITLAN_RECICLA|2026|10|Santa María Visitación,atitlan_recicla,2026,10,OCT,Tzolojya,Santa María Visitación,mujeres_y_muni,,,,,,,,,0.0,,,,0.0,0.0,0.0,0.0,0.0,0.0,0.0,,,,,,,,,,,,,
ATITLAN_RECICLA|2026|10|Sololá,atitlan_recicla,2026,10,OCT,Tzolojya,Sololá,mujeres_y_muni,,,,,,,,,0.0,,,,0.0,,,0.0,0.0,0.0,0.0,,,,,,,,,,,,,
ATITLAN_RECICLA|2026|10|San Lucas Tolimán,atitlan_recicla,2026,10,OCT,Zona Sur,San Lucas Tolimán,mujeres_y_muni,,,,,,,,,0.0,,,,0.0,0.0,0.0,0.0,0.0,0.0,0.0,,,,,,,,,,,,,
ATITLAN_RECICLA|2026|10|Santiago Atitlán,atitlan_recicla,2026,10,OCT,Zona Sur,Santiago Atitlán,mujeres_y_muni,,,,,,,,0.0,0.0,,,,0.0,0.0,0.0,6.0,0.0,6.0,0.0,,,,,,,,,,,,,
ATITLAN_RECICLA|2026|11|Panajachel,atitlan_recicla,2026,11,NOV,Kaqchikel,Panajachel,mujeres,,,,,,,,,0.0,,,,0.0,0.0,0.0,0.0,0.0,0.0,0.0,,,,,,,,,,,,,
ATITLAN_RECICLA|2026|11|San Antonio Palopó,atitlan_recicla,2026,11,NOV,Kaqchikel,San Antonio Palopó,mujeres,,,,,,,,,0.0,,,,0.0,0.0,0.0,0.0,0.0,0.0,0.0,,,,,,,,,,,,,
ATITLAN_RECICLA|2026|11|San Juan La Laguna,atitlan_recicla,2026,11,NOV,Kaqchikel,San Juan La Laguna,mujeres,,,,,,,,,0.0,,,,0.0,0.0,0.0,0.0,0.0,0.0,0.0,,,,,,,,,,,,,
ATITLAN_RECICLA|2026|11|Santa Catarina Palopó,atitlan_recicla,2026,11,NOV,Kaqchikel,Santa Catarina Palopó,mujeres,,,,,,,,,0.0,,,,0.0,0.0,0.0,,0.0,0.0,0.0,,,,,,,,,,,,,
ATITLAN_RECICLA|2026|11|Jaibalito,atitlan_recicla,2026,11,NOV,Las Lagunas,Jaibalito,mujeres,,,,,,,,,0.0,,,,0.0,,,0.0,0.0,0.0,0.0,,,,,,,,,,,,,
ATITLAN_RECICLA|2026|11|San Marcos La Laguna,atitlan_recicla,2026,11,NOV,Las Lagunas,San Marcos La Laguna,mujeres_y_muni,,,,,,,,,0.0,,,,0.0,,,0.0,0.0,0.0,0.0,,,,,,,,,,,,,
ATITLAN_RECICLA|2026|11|Santa Cruz La Laguna,atitlan_recicla,2026,11,NOV,Las Lagunas,Santa Cruz La Laguna,mujeres,,,,,,,,,0.0,,,,0.0,0.0,0.0,0.0,0.0,0.0,0.0,,,,,,,,,,,,,
ATITLAN_RECICLA|2026|11|Tzununá,atitlan_recicla,2026,11,NOV,Las Lagunas,Tzununá,mujeres,,,,,,,,,0.0,,,,0.0,0.0,0.0,0.0,0.0,0.0,0.0,,,,,,,,,,,,,
ATITLAN_RECICLA|2026|11|San Andrés Semetabaj,atitlan_recicla,2026,11,NOV,Tzolojya,San Andrés Semetabaj,mujeres,,,,,,,,,0.0,,,,0.0,0.0,0.0,0.0,0.0,0.0,0.0,,,,,,,,,,,,,
ATITLAN_RECICLA|2026|11|Santa Clara La Laguna,atitlan_recicla,2026,11,NOV,Tzolojya,Santa Clara La Laguna,mujeres,,,,,,,,,0.0,,,,0.0,0.0,0.0,0.0,0.0,0.0,0.0,,,,,,,,,,,,,
ATITLAN_RECICLA|2026|11|Santa Lucía Utatlán,atitlan_recicla,2026,11,NOV,Tzolojya,Santa Lucía Utatlán,mujeres_y_muni,,,,,,,,,0.0,,,,0.0,,,0.0,0.0,0.0,0.0,,,,,,,,,,,,,
ATITLAN_RECICLA|2026|11|Santa María Visitación,atitlan_recicla,2026,11,NOV,Tzolojya,Santa María Visitación,mujeres_y_muni,,,,,,,,,0.0,,,,0.0,0.0,0.0,0.0,0.0,0.0,0.0,,,,,,,,,,,,,
ATITLAN_RECICLA|2026|11|Sololá,atitlan_recicla,2026,11,NOV,Tzolojya,Sololá,mujeres_y_muni,,,,,,,,,0.0,,,,0.0,,,0.0,0.0,0.0,0.0,,,,,,,,,,,,,
ATITLAN_RECICLA|2026|11|San Lucas Tolimán,atitlan_recicla,2026,11,NOV,Zona Sur,San Lucas Tolimán,mujeres_y_muni,,,,,,,,,0.0,,,,0.0,0.0,0.0,0.0,0.0,0.0,0.0,,,,,,,,,,,,,
ATITLAN_RECICLA|2026|11|Santiago Atitlán,atitlan_recicla,2026,11,NOV,Zona Sur,Santiago Atitlán,mujeres_y_muni,,,,,,,,,0.0,,,,0.0,0.0,0.0,0.0,0.0,0.0,0.0,,,,,,,,,,,,,
